{
  "aggregate_score": 0.7908830642700195,
  "ptm": 0.8439834117889404,
  "iptm": 0.7776079177856445,
  "per_chain_ptm": [
    [
      0.16041728854179382,
      0.7482764720916748,
      0.8621231317520142,
      0.9188018441200256,
      0.6086022257804871
    ]
  ],
  "per_chain_pair_iptm": [
    [
      [
        0.16041728854179382,
        0.512833833694458,
        0.30940818786621094,
        0.30374854803085327,
        0.09456279873847961
      ],
      [
        0.038942042738199234,
        0.7482764720916748,
        0.7212182879447937,
        0.6511134505271912,
        0.26172468066215515
      ],
      [
        0.00694272480905056,
        0.6903830170631409,
        0.8621231317520142,
        0.8391920924186707,
        0.4255671799182892
      ],
      [
        0.003569941036403179,
        0.560841977596283,
        0.7628791332244873,
        0.9188018441200256,
        0.6325242519378662
      ],
      [
        0.0017648038920015097,
        0.4227917492389679,
        0.6180301904678345,
        0.8360435962677002,
        0.6086022257804871
      ]
    ]
  ],
  "has_inter_chain_clashes": false,
  "chain_chain_clashes": [
    [
      [
        0,
        0,
        0,
        0,
        0
      ],
      [
        0,
        0,
        0,
        0,
        0
      ],
      [
        0,
        0,
        0,
        0,
        0
      ],
      [
        0,
        0,
        0,
        0,
        0
      ],
      [
        0,
        0,
        0,
        0,
        0
      ]
    ]
  ]
}