{
  "aggregate_score": 0.7914353609085083,
  "ptm": 0.8442054986953735,
  "iptm": 0.7782427668571472,
  "per_chain_ptm": [
    [
      0.16245721280574799,
      0.7469263076782227,
      0.8632723689079285,
      0.9181385636329651,
      0.606377124786377
    ]
  ],
  "per_chain_pair_iptm": [
    [
      [
        0.16245721280574799,
        0.5219757556915283,
        0.3234142065048218,
        0.31487786769866943,
        0.0983482301235199
      ],
      [
        0.03950991854071617,
        0.7469263076782227,
        0.7238494753837585,
        0.6537814140319824,
        0.2610478401184082
      ],
      [
        0.006874324753880501,
        0.6889231204986572,
        0.8632723689079285,
        0.8393937349319458,
        0.4275810718536377
      ],
      [
        0.003491882933303714,
        0.555603563785553,
        0.7615059018135071,
        0.9181385636329651,
        0.6312568187713623
      ],
      [
        0.0017590941861271858,
        0.4216819405555725,
        0.6162834763526917,
        0.8349270224571228,
        0.606377124786377
      ]
    ]
  ],
  "has_inter_chain_clashes": false,
  "chain_chain_clashes": [
    [
      [
        0,
        0,
        0,
        0,
        0
      ],
      [
        0,
        0,
        0,
        0,
        0
      ],
      [
        0,
        0,
        0,
        0,
        0
      ],
      [
        0,
        0,
        0,
        0,
        0
      ],
      [
        0,
        0,
        0,
        0,
        0
      ]
    ]
  ]
}