{
  "aggregate_score": 0.7901186347007751,
  "ptm": 0.8432512283325195,
  "iptm": 0.7768354415893555,
  "per_chain_ptm": [
    [
      0.16440775990486145,
      0.744915783405304,
      0.862655520439148,
      0.9179211854934692,
      0.6067216396331787
    ]
  ],
  "per_chain_pair_iptm": [
    [
      [
        0.16440775990486145,
        0.5230839252471924,
        0.32656750082969666,
        0.3187457323074341,
        0.09919160604476929
      ],
      [
        0.04102156311273575,
        0.744915783405304,
        0.7231137156486511,
        0.6529813408851624,
        0.2603912353515625
      ],
      [
        0.0071112364530563354,
        0.6877754926681519,
        0.862655520439148,
        0.8373939394950867,
        0.422859787940979
      ],
      [
        0.003688948228955269,
        0.5608956813812256,
        0.7633307576179504,
        0.9179211854934692,
        0.6263405084609985
      ],
      [
        0.0017886442365124822,
        0.4185650646686554,
        0.6126602292060852,
        0.8353614211082458,
        0.6067216396331787
      ]
    ]
  ],
  "has_inter_chain_clashes": false,
  "chain_chain_clashes": [
    [
      [
        0,
        0,
        0,
        0,
        0
      ],
      [
        0,
        1,
        0,
        0,
        0
      ],
      [
        0,
        0,
        0,
        0,
        0
      ],
      [
        0,
        0,
        0,
        0,
        0
      ],
      [
        0,
        0,
        0,
        0,
        0
      ]
    ]
  ]
}