{
  "aggregate_score": 0.7906210422515869,
  "ptm": 0.8445336222648621,
  "iptm": 0.7771428823471069,
  "per_chain_ptm": [
    [
      0.16323304176330566,
      0.7483692169189453,
      0.8627766966819763,
      0.9175593256950378,
      0.6066281199455261
    ]
  ],
  "per_chain_pair_iptm": [
    [
      [
        0.16323304176330566,
        0.5200119018554688,
        0.3170049488544464,
        0.31045156717300415,
        0.09696875512599945
      ],
      [
        0.04037763923406601,
        0.7483692169189453,
        0.7228338718414307,
        0.653484582901001,
        0.2618655562400818
      ],
      [
        0.007005633320659399,
        0.6907076239585876,
        0.8627766966819763,
        0.8389473557472229,
        0.42738544940948486
      ],
      [
        0.0035039777867496014,
        0.5576047897338867,
        0.7622442245483398,
        0.9175593256950378,
        0.6316816210746765
      ],
      [
        0.0018335947534069419,
        0.4226188063621521,
        0.6187942028045654,
        0.8348915576934814,
        0.6066281199455261
      ]
    ]
  ],
  "has_inter_chain_clashes": false,
  "chain_chain_clashes": [
    [
      [
        0,
        0,
        0,
        0,
        0
      ],
      [
        0,
        1,
        0,
        0,
        0
      ],
      [
        0,
        0,
        0,
        0,
        0
      ],
      [
        0,
        0,
        0,
        0,
        0
      ],
      [
        0,
        0,
        0,
        0,
        0
      ]
    ]
  ]
}