{
  "aggregate_score": 0.7900714874267578,
  "ptm": 0.8434351682662964,
  "iptm": 0.7767305374145508,
  "per_chain_ptm": [
    [
      0.1635839194059372,
      0.7482847571372986,
      0.8625000715255737,
      0.9188591241836548,
      0.6077372431755066
    ]
  ],
  "per_chain_pair_iptm": [
    [
      [
        0.1635839194059372,
        0.5192927122116089,
        0.3130350708961487,
        0.30499181151390076,
        0.09443823993206024
      ],
      [
        0.039863936603069305,
        0.7482847571372986,
        0.7192094922065735,
        0.6488733887672424,
        0.2587738037109375
      ],
      [
        0.006874893791973591,
        0.6875878572463989,
        0.8625000715255737,
        0.8405637145042419,
        0.42959725856781006
      ],
      [
        0.003677327185869217,
        0.559643030166626,
        0.7630322575569153,
        0.9188591241836548,
        0.6323305368423462
      ],
      [
        0.0017847248818725348,
        0.41789349913597107,
        0.6170191168785095,
        0.8342554569244385,
        0.6077372431755066
      ]
    ]
  ],
  "has_inter_chain_clashes": false,
  "chain_chain_clashes": [
    [
      [
        0,
        0,
        0,
        0,
        0
      ],
      [
        0,
        0,
        0,
        0,
        0
      ],
      [
        0,
        0,
        0,
        0,
        0
      ],
      [
        0,
        0,
        0,
        0,
        0
      ],
      [
        0,
        0,
        0,
        0,
        0
      ]
    ]
  ]
}