{
  "aggregate_score": 0.8306298851966858,
  "ptm": 0.8678346872329712,
  "iptm": 0.8213286399841309,
  "per_chain_ptm": [
    [
      0.10310790687799454,
      0.8047159314155579,
      0.8587107062339783,
      0.9348354339599609,
      0.6465577483177185
    ]
  ],
  "per_chain_pair_iptm": [
    [
      [
        0.10310790687799454,
        0.4392346739768982,
        0.25528383255004883,
        0.24287208914756775,
        0.06965816766023636
      ],
      [
        0.022118201479315758,
        0.8047159314155579,
        0.7599981427192688,
        0.7026693820953369,
        0.296411395072937
      ],
      [
        0.004765753168612719,
        0.7483103275299072,
        0.8587107062339783,
        0.8742175102233887,
        0.4835958778858185
      ],
      [
        0.00254150852560997,
        0.6102060675621033,
        0.7814998030662537,
        0.9348354339599609,
        0.6697154641151428
      ],
      [
        0.0013221756089478731,
        0.46371281147003174,
        0.6509568691253662,
        0.868847668170929,
        0.6465577483177185
      ]
    ]
  ],
  "has_inter_chain_clashes": false,
  "chain_chain_clashes": [
    [
      [
        0,
        0,
        0,
        0,
        0
      ],
      [
        0,
        0,
        0,
        0,
        0
      ],
      [
        0,
        0,
        0,
        0,
        0
      ],
      [
        0,
        0,
        0,
        0,
        0
      ],
      [
        0,
        0,
        0,
        0,
        0
      ]
    ]
  ]
}