{
  "aggregate_score": 0.8310106992721558,
  "ptm": 0.8741607666015625,
  "iptm": 0.8202231526374817,
  "per_chain_ptm": [
    [
      0.10278161615133286,
      0.8038825988769531,
      0.8873168230056763,
      0.9346816539764404,
      0.6468284130096436
    ]
  ],
  "per_chain_pair_iptm": [
    [
      [
        0.10278161615133286,
        0.4307934045791626,
        0.24553313851356506,
        0.23455773293972015,
        0.06758314371109009
      ],
      [
        0.021149558946490288,
        0.8038825988769531,
        0.7684221863746643,
        0.6961069703102112,
        0.29349926114082336
      ],
      [
        0.0044989557936787605,
        0.7484225034713745,
        0.8873168230056763,
        0.8738178014755249,
        0.4832671880722046
      ],
      [
        0.002358366036787629,
        0.6056511998176575,
        0.7933222055435181,
        0.9346816539764404,
        0.6710461378097534
      ],
      [
        0.0011857518693432212,
        0.46601739525794983,
        0.6602532267570496,
        0.868463933467865,
        0.6468284130096436
      ]
    ]
  ],
  "has_inter_chain_clashes": false,
  "chain_chain_clashes": [
    [
      [
        0,
        0,
        0,
        0,
        0
      ],
      [
        0,
        0,
        0,
        0,
        0
      ],
      [
        0,
        0,
        0,
        0,
        0
      ],
      [
        0,
        0,
        0,
        0,
        0
      ],
      [
        0,
        0,
        0,
        0,
        0
      ]
    ]
  ]
}