{
  "aggregate_score": 0.8301886916160583,
  "ptm": 0.874571681022644,
  "iptm": 0.819092869758606,
  "per_chain_ptm": [
    [
      0.10269689559936523,
      0.8013483285903931,
      0.8866701722145081,
      0.9343804121017456,
      0.6380952000617981
    ]
  ],
  "per_chain_pair_iptm": [
    [
      [
        0.10269689559936523,
        0.40531179308891296,
        0.22869828343391418,
        0.21869221329689026,
        0.061353810131549835
      ],
      [
        0.020589837804436684,
        0.8013483285903931,
        0.7678444981575012,
        0.6946624517440796,
        0.28996142745018005
      ],
      [
        0.004504330921918154,
        0.7464159727096558,
        0.8866701722145081,
        0.8763082027435303,
        0.48584097623825073
      ],
      [
        0.0022933948785066605,
        0.6045265197753906,
        0.7931456565856934,
        0.9343804121017456,
        0.6710864901542664
      ],
      [
        0.0011601513251662254,
        0.4586932063102722,
        0.6624926328659058,
        0.8534296751022339,
        0.6380952000617981
      ]
    ]
  ],
  "has_inter_chain_clashes": false,
  "chain_chain_clashes": [
    [
      [
        0,
        0,
        0,
        0,
        0
      ],
      [
        0,
        0,
        0,
        0,
        0
      ],
      [
        0,
        0,
        0,
        0,
        0
      ],
      [
        0,
        0,
        0,
        0,
        0
      ],
      [
        0,
        0,
        0,
        0,
        0
      ]
    ]
  ]
}