{
  "aggregate_score": 0.8312445282936096,
  "ptm": 0.874347984790802,
  "iptm": 0.8204686641693115,
  "per_chain_ptm": [
    [
      0.10259649157524109,
      0.8019786477088928,
      0.8863253593444824,
      0.9348183870315552,
      0.6442084312438965
    ]
  ],
  "per_chain_pair_iptm": [
    [
      [
        0.10259649157524109,
        0.4323093891143799,
        0.2460348904132843,
        0.2354225367307663,
        0.06729584187269211
      ],
      [
        0.021422065794467926,
        0.8019786477088928,
        0.7697065472602844,
        0.702260434627533,
        0.2943257987499237
      ],
      [
        0.004510249011218548,
        0.7493412494659424,
        0.8863253593444824,
        0.876575767993927,
        0.48480039834976196
      ],
      [
        0.00245677400380373,
        0.6106922626495361,
        0.7928217053413391,
        0.9348183870315552,
        0.6685425043106079
      ],
      [
        0.0011592182563617826,
        0.461178719997406,
        0.6581770181655884,
        0.8669697642326355,
        0.6442084312438965
      ]
    ]
  ],
  "has_inter_chain_clashes": false,
  "chain_chain_clashes": [
    [
      [
        0,
        0,
        0,
        0,
        0
      ],
      [
        0,
        0,
        0,
        0,
        0
      ],
      [
        0,
        0,
        0,
        0,
        0
      ],
      [
        0,
        0,
        0,
        0,
        0
      ],
      [
        0,
        0,
        0,
        0,
        0
      ]
    ]
  ]
}