{
  "aggregate_score": 0.8313229084014893,
  "ptm": 0.8732250928878784,
  "iptm": 0.8208473920822144,
  "per_chain_ptm": [
    [
      0.10266374796628952,
      0.8036967515945435,
      0.8856906294822693,
      0.9351007342338562,
      0.6450002193450928
    ]
  ],
  "per_chain_pair_iptm": [
    [
      [
        0.10266374796628952,
        0.4058692157268524,
        0.2301013171672821,
        0.22024667263031006,
        0.06179852783679962
      ],
      [
        0.0205681212246418,
        0.8036967515945435,
        0.7693414092063904,
        0.6970975399017334,
        0.2925136685371399
      ],
      [
        0.004580947570502758,
        0.7486960887908936,
        0.8856906294822693,
        0.8748547434806824,
        0.48550212383270264
      ],
      [
        0.0024241299834102392,
        0.6078583598136902,
        0.7942286133766174,
        0.9351007342338562,
        0.6714290380477905
      ],
      [
        0.0011547079775482416,
        0.45996737480163574,
        0.6615859270095825,
        0.8671776652336121,
        0.6450002193450928
      ]
    ]
  ],
  "has_inter_chain_clashes": false,
  "chain_chain_clashes": [
    [
      [
        0,
        0,
        0,
        0,
        0
      ],
      [
        0,
        0,
        0,
        0,
        0
      ],
      [
        0,
        0,
        0,
        0,
        0
      ],
      [
        0,
        0,
        0,
        0,
        0
      ],
      [
        0,
        0,
        0,
        0,
        0
      ]
    ]
  ]
}