{
  "aggregate_score": 0.7911648750305176,
  "ptm": 0.8379448652267456,
  "iptm": 0.7794697880744934,
  "per_chain_ptm": [
    [
      0.43854308128356934,
      0.7490370273590088,
      0.8654851913452148,
      0.9206355214118958,
      0.6170884370803833
    ]
  ],
  "per_chain_pair_iptm": [
    [
      [
        0.43854308128356934,
        0.36244282126426697,
        0.23342567682266235,
        0.22120420634746552,
        0.06281419843435287
      ],
      [
        0.1735796183347702,
        0.7490370273590088,
        0.7251248955726624,
        0.6549381613731384,
        0.2627456486225128
      ],
      [
        0.08556744456291199,
        0.6909497380256653,
        0.8654851913452148,
        0.8442192077636719,
        0.4351158142089844
      ],
      [
        0.050174422562122345,
        0.5583463311195374,
        0.7647439241409302,
        0.9206355214118958,
        0.6367675065994263
      ],
      [
        0.028293494135141373,
        0.4266310930252075,
        0.622001051902771,
        0.8440545201301575,
        0.6170884370803833
      ]
    ]
  ],
  "has_inter_chain_clashes": false,
  "chain_chain_clashes": [
    [
      [
        0,
        0,
        0,
        0,
        0
      ],
      [
        0,
        0,
        0,
        0,
        0
      ],
      [
        0,
        0,
        0,
        0,
        0
      ],
      [
        0,
        0,
        0,
        0,
        0
      ],
      [
        0,
        0,
        0,
        0,
        0
      ]
    ]
  ]
}