{
  "aggregate_score": 0.7906334400177002,
  "ptm": 0.8372796177864075,
  "iptm": 0.7789719104766846,
  "per_chain_ptm": [
    [
      0.43500274419784546,
      0.7495550513267517,
      0.8650494813919067,
      0.920812726020813,
      0.6135178804397583
    ]
  ],
  "per_chain_pair_iptm": [
    [
      [
        0.43500274419784546,
        0.3442002832889557,
        0.21700403094291687,
        0.20293673872947693,
        0.05685044452548027
      ],
      [
        0.15563328564167023,
        0.7495550513267517,
        0.7269909381866455,
        0.6569960117340088,
        0.26285913586616516
      ],
      [
        0.07829540967941284,
        0.6884322166442871,
        0.8650494813919067,
        0.8434115052223206,
        0.43222224712371826
      ],
      [
        0.04719001427292824,
        0.5621578097343445,
        0.7660457491874695,
        0.920812726020813,
        0.6358879208564758
      ],
      [
        0.026840198785066605,
        0.41935306787490845,
        0.625995397567749,
        0.8376017212867737,
        0.6135178804397583
      ]
    ]
  ],
  "has_inter_chain_clashes": false,
  "chain_chain_clashes": [
    [
      [
        0,
        0,
        0,
        0,
        0
      ],
      [
        0,
        0,
        0,
        0,
        0
      ],
      [
        0,
        0,
        0,
        0,
        0
      ],
      [
        0,
        0,
        0,
        0,
        0
      ],
      [
        0,
        0,
        0,
        0,
        0
      ]
    ]
  ]
}