{
  "aggregate_score": 0.7892794013023376,
  "ptm": 0.8371277451515198,
  "iptm": 0.7773172855377197,
  "per_chain_ptm": [
    [
      0.4374604821205139,
      0.7481178045272827,
      0.8640490770339966,
      0.9202722311019897,
      0.6105539798736572
    ]
  ],
  "per_chain_pair_iptm": [
    [
      [
        0.4374604821205139,
        0.34597063064575195,
        0.22017964720726013,
        0.20847304165363312,
        0.058511536568403244
      ],
      [
        0.16301856935024261,
        0.7481178045272827,
        0.7227020859718323,
        0.6539210677146912,
        0.26260656118392944
      ],
      [
        0.0801454558968544,
        0.688162088394165,
        0.8640490770339966,
        0.8437275886535645,
        0.4337429106235504
      ],
      [
        0.04773123934864998,
        0.5630874633789062,
        0.765304684638977,
        0.9202722311019897,
        0.636184811592102
      ],
      [
        0.027961770072579384,
        0.42340272665023804,
        0.6217044591903687,
        0.8361467123031616,
        0.6105539798736572
      ]
    ]
  ],
  "has_inter_chain_clashes": false,
  "chain_chain_clashes": [
    [
      [
        0,
        0,
        0,
        0,
        0
      ],
      [
        0,
        1,
        0,
        0,
        0
      ],
      [
        0,
        0,
        0,
        0,
        0
      ],
      [
        0,
        0,
        0,
        0,
        0
      ],
      [
        0,
        0,
        0,
        0,
        0
      ]
    ]
  ]
}