{
  "aggregate_score": 0.7903218865394592,
  "ptm": 0.8381235003471375,
  "iptm": 0.7783714532852173,
  "per_chain_ptm": [
    [
      0.4356110095977783,
      0.7484192848205566,
      0.8658456206321716,
      0.9206510782241821,
      0.6165643334388733
    ]
  ],
  "per_chain_pair_iptm": [
    [
      [
        0.4356110095977783,
        0.33833661675453186,
        0.21854473650455475,
        0.20497627556324005,
        0.057730261236429214
      ],
      [
        0.16191154718399048,
        0.7484192848205566,
        0.7278624773025513,
        0.6578505039215088,
        0.26460814476013184
      ],
      [
        0.08240818977355957,
        0.6887991428375244,
        0.8658456206321716,
        0.843957781791687,
        0.43772584199905396
      ],
      [
        0.04715922474861145,
        0.5611279010772705,
        0.7658684253692627,
        0.9206510782241821,
        0.6361290812492371
      ],
      [
        0.02762148529291153,
        0.425015389919281,
        0.6228947043418884,
        0.8377301096916199,
        0.6165643334388733
      ]
    ]
  ],
  "has_inter_chain_clashes": false,
  "chain_chain_clashes": [
    [
      [
        0,
        0,
        0,
        0,
        0
      ],
      [
        0,
        2,
        0,
        1,
        0
      ],
      [
        0,
        0,
        0,
        0,
        0
      ],
      [
        0,
        1,
        0,
        0,
        0
      ],
      [
        0,
        0,
        0,
        0,
        0
      ]
    ]
  ]
}