{
  "aggregate_score": 0.7888283729553223,
  "ptm": 0.8366767764091492,
  "iptm": 0.7768663167953491,
  "per_chain_ptm": [
    [
      0.4371984302997589,
      0.7480195760726929,
      0.8637117147445679,
      0.9203293323516846,
      0.6120777130126953
    ]
  ],
  "per_chain_pair_iptm": [
    [
      [
        0.4371984302997589,
        0.3557937443256378,
        0.23472759127616882,
        0.22341032326221466,
        0.06483329087495804
      ],
      [
        0.16978713870048523,
        0.7480195760726929,
        0.7248502969741821,
        0.6548863053321838,
        0.262498676776886
      ],
      [
        0.08560671657323837,
        0.686856210231781,
        0.8637117147445679,
        0.8423185348510742,
        0.43229082226753235
      ],
      [
        0.04925832524895668,
        0.5559039115905762,
        0.7628750205039978,
        0.9203293323516846,
        0.637126088142395
      ],
      [
        0.02840859815478325,
        0.42151519656181335,
        0.6226166486740112,
        0.8350016474723816,
        0.6120777130126953
      ]
    ]
  ],
  "has_inter_chain_clashes": false,
  "chain_chain_clashes": [
    [
      [
        0,
        0,
        0,
        0,
        0
      ],
      [
        0,
        0,
        0,
        0,
        0
      ],
      [
        0,
        0,
        0,
        0,
        0
      ],
      [
        0,
        0,
        0,
        0,
        0
      ],
      [
        0,
        0,
        0,
        0,
        0
      ]
    ]
  ]
}