{
  "aggregate_score": 0.7747379541397095,
  "ptm": 0.8342621326446533,
  "iptm": 0.7598568797111511,
  "per_chain_ptm": [
    [
      0.13856135308742523,
      0.7740257382392883,
      0.8608877658843994,
      0.9286171793937683,
      0.6369159817695618
    ]
  ],
  "per_chain_pair_iptm": [
    [
      [
        0.13856135308742523,
        0.5029692053794861,
        0.26537400484085083,
        0.25517719984054565,
        0.07176097482442856
      ],
      [
        0.03400697931647301,
        0.7740257382392883,
        0.6248952746391296,
        0.5304352045059204,
        0.18292026221752167
      ],
      [
        0.0035273279063403606,
        0.6318894028663635,
        0.8608877658843994,
        0.8481298685073853,
        0.4462955594062805
      ],
      [
        0.0018678858177736402,
        0.49373722076416016,
        0.7615320086479187,
        0.9286171793937683,
        0.6584230661392212
      ],
      [
        0.0009613492293283343,
        0.3920111358165741,
        0.6316396594047546,
        0.8611901998519897,
        0.6369159817695618
      ]
    ]
  ],
  "has_inter_chain_clashes": false,
  "chain_chain_clashes": [
    [
      [
        0,
        0,
        0,
        0,
        0
      ],
      [
        0,
        0,
        1,
        0,
        0
      ],
      [
        0,
        1,
        0,
        0,
        0
      ],
      [
        0,
        0,
        0,
        0,
        0
      ],
      [
        0,
        0,
        0,
        0,
        0
      ]
    ]
  ]
}