{
  "aggregate_score": 0.7770086526870728,
  "ptm": 0.8369438052177429,
  "iptm": 0.7620248794555664,
  "per_chain_ptm": [
    [
      0.13795775175094604,
      0.7793697714805603,
      0.8631637096405029,
      0.9298405647277832,
      0.6394057273864746
    ]
  ],
  "per_chain_pair_iptm": [
    [
      [
        0.13795775175094604,
        0.5057377219200134,
        0.26576244831085205,
        0.2543542981147766,
        0.07250767946243286
      ],
      [
        0.03327696770429611,
        0.7793697714805603,
        0.6333544254302979,
        0.518996000289917,
        0.17470741271972656
      ],
      [
        0.00336914649233222,
        0.6370388865470886,
        0.8631637096405029,
        0.8429375886917114,
        0.44362205266952515
      ],
      [
        0.0018169197719544172,
        0.4915715456008911,
        0.7593989372253418,
        0.9298405647277832,
        0.6606253981590271
      ],
      [
        0.0009729290613904595,
        0.3936082720756531,
        0.6351295113563538,
        0.8640944361686707,
        0.6394057273864746
      ]
    ]
  ],
  "has_inter_chain_clashes": false,
  "chain_chain_clashes": [
    [
      [
        0,
        0,
        0,
        0,
        0
      ],
      [
        0,
        1,
        0,
        0,
        0
      ],
      [
        0,
        0,
        0,
        0,
        0
      ],
      [
        0,
        0,
        0,
        0,
        0
      ],
      [
        0,
        0,
        0,
        0,
        0
      ]
    ]
  ]
}