{
  "aggregate_score": 0.7758625745773315,
  "ptm": 0.8356329202651978,
  "iptm": 0.760919988155365,
  "per_chain_ptm": [
    [
      0.13909025490283966,
      0.7827556133270264,
      0.8624294996261597,
      0.927937924861908,
      0.6291490793228149
    ]
  ],
  "per_chain_pair_iptm": [
    [
      [
        0.13909025490283966,
        0.5084944367408752,
        0.26888954639434814,
        0.2533583641052246,
        0.07152599841356277
      ],
      [
        0.03418876603245735,
        0.7827556133270264,
        0.6327299475669861,
        0.5250775814056396,
        0.17603537440299988
      ],
      [
        0.0036095748655498028,
        0.6436148285865784,
        0.8624294996261597,
        0.8441851139068604,
        0.4444116950035095
      ],
      [
        0.001836847746744752,
        0.4874114394187927,
        0.7602581977844238,
        0.927937924861908,
        0.6585277318954468
      ],
      [
        0.0009330414468422532,
        0.37976112961769104,
        0.6322972178459167,
        0.845875084400177,
        0.6291490793228149
      ]
    ]
  ],
  "has_inter_chain_clashes": false,
  "chain_chain_clashes": [
    [
      [
        0,
        0,
        0,
        0,
        0
      ],
      [
        0,
        0,
        0,
        0,
        0
      ],
      [
        0,
        0,
        0,
        0,
        0
      ],
      [
        0,
        0,
        0,
        0,
        0
      ],
      [
        0,
        0,
        0,
        0,
        0
      ]
    ]
  ]
}