{
  "aggregate_score": 0.7775135636329651,
  "ptm": 0.8361523151397705,
  "iptm": 0.7628538608551025,
  "per_chain_ptm": [
    [
      0.13961103558540344,
      0.7743844389915466,
      0.861103355884552,
      0.9286482334136963,
      0.6376901268959045
    ]
  ],
  "per_chain_pair_iptm": [
    [
      [
        0.13961103558540344,
        0.5048571228981018,
        0.2690431773662567,
        0.2639583647251129,
        0.07497663795948029
      ],
      [
        0.03462931513786316,
        0.7743844389915466,
        0.6374077200889587,
        0.543212890625,
        0.1879720538854599
      ],
      [
        0.003584061749279499,
        0.6457847952842712,
        0.861103355884552,
        0.8452736735343933,
        0.4450221359729767
      ],
      [
        0.0019534395541995764,
        0.5100302696228027,
        0.7601058483123779,
        0.9286482334136963,
        0.6568176746368408
      ],
      [
        0.001019152463413775,
        0.403030127286911,
        0.6313698291778564,
        0.8612211346626282,
        0.6376901268959045
      ]
    ]
  ],
  "has_inter_chain_clashes": false,
  "chain_chain_clashes": [
    [
      [
        0,
        0,
        0,
        0,
        0
      ],
      [
        0,
        0,
        0,
        0,
        0
      ],
      [
        0,
        0,
        0,
        0,
        0
      ],
      [
        0,
        0,
        0,
        0,
        0
      ],
      [
        0,
        0,
        0,
        0,
        0
      ]
    ]
  ]
}