{
  "aggregate_score": 0.7795951962471008,
  "ptm": 0.838002622127533,
  "iptm": 0.7649933695793152,
  "per_chain_ptm": [
    [
      0.13655318319797516,
      0.7767661213874817,
      0.8625577688217163,
      0.9285140037536621,
      0.6373450756072998
    ]
  ],
  "per_chain_pair_iptm": [
    [
      [
        0.13655318319797516,
        0.5003111362457275,
        0.26746666431427,
        0.25766584277153015,
        0.07303697615861893
      ],
      [
        0.03345106542110443,
        0.7767661213874817,
        0.6414063572883606,
        0.5390206575393677,
        0.1837805062532425
      ],
      [
        0.00356656895019114,
        0.6501168012619019,
        0.8625577688217163,
        0.8468683362007141,
        0.4474557936191559
      ],
      [
        0.0018410180928185582,
        0.5016787648200989,
        0.7623481750488281,
        0.9285140037536621,
        0.6594670414924622
      ],
      [
        0.0009779245592653751,
        0.39701148867607117,
        0.6355970501899719,
        0.8599501252174377,
        0.6373450756072998
      ]
    ]
  ],
  "has_inter_chain_clashes": false,
  "chain_chain_clashes": [
    [
      [
        0,
        0,
        0,
        0,
        0
      ],
      [
        0,
        0,
        0,
        0,
        0
      ],
      [
        0,
        0,
        0,
        0,
        0
      ],
      [
        0,
        0,
        0,
        0,
        0
      ],
      [
        0,
        0,
        0,
        0,
        0
      ]
    ]
  ]
}