{
  "aggregate_score": 0.81995689868927,
  "ptm": 0.867114245891571,
  "iptm": 0.8081675171852112,
  "per_chain_ptm": [
    [
      0.09667416661977768,
      0.7933759093284607,
      0.8795837163925171,
      0.9324514865875244,
      0.6374366283416748
    ]
  ],
  "per_chain_pair_iptm": [
    [
      [
        0.09667416661977768,
        0.3983384668827057,
        0.22328752279281616,
        0.2147097885608673,
        0.061756014823913574
      ],
      [
        0.025559335947036743,
        0.7933759093284607,
        0.7613862752914429,
        0.6948574781417847,
        0.29192817211151123
      ],
      [
        0.005633155815303326,
        0.7303716540336609,
        0.8795837163925171,
        0.8672499060630798,
        0.46516117453575134
      ],
      [
        0.003025173442438245,
        0.5944980382919312,
        0.78364098072052,
        0.9324514865875244,
        0.6612656116485596
      ],
      [
        0.001628396101295948,
        0.455172061920166,
        0.6494585871696472,
        0.8635990619659424,
        0.6374366283416748
      ]
    ]
  ],
  "has_inter_chain_clashes": false,
  "chain_chain_clashes": [
    [
      [
        0,
        0,
        0,
        0,
        0
      ],
      [
        0,
        0,
        0,
        0,
        0
      ],
      [
        0,
        0,
        0,
        0,
        0
      ],
      [
        0,
        0,
        0,
        0,
        0
      ],
      [
        0,
        0,
        0,
        0,
        0
      ]
    ]
  ]
}