{
  "aggregate_score": 0.8224139213562012,
  "ptm": 0.8689462542533875,
  "iptm": 0.8107808232307434,
  "per_chain_ptm": [
    [
      0.0967828556895256,
      0.7976123094558716,
      0.8797822594642639,
      0.9321867227554321,
      0.6387225985527039
    ]
  ],
  "per_chain_pair_iptm": [
    [
      [
        0.0967828556895256,
        0.387742280960083,
        0.21499115228652954,
        0.2054705023765564,
        0.0594136007130146
      ],
      [
        0.02433042787015438,
        0.7976123094558716,
        0.7592304348945618,
        0.6950432658195496,
        0.2929474711418152
      ],
      [
        0.005437801592051983,
        0.7347502112388611,
        0.8797822594642639,
        0.8667000532150269,
        0.46308767795562744
      ],
      [
        0.0027662485372275114,
        0.5957645177841187,
        0.7833679914474487,
        0.9321867227554321,
        0.6623691320419312
      ],
      [
        0.001470439718104899,
        0.4630115330219269,
        0.6443794965744019,
        0.8649622201919556,
        0.6387225985527039
      ]
    ]
  ],
  "has_inter_chain_clashes": false,
  "chain_chain_clashes": [
    [
      [
        0,
        0,
        0,
        0,
        0
      ],
      [
        0,
        0,
        0,
        0,
        0
      ],
      [
        0,
        0,
        0,
        0,
        0
      ],
      [
        0,
        0,
        0,
        0,
        0
      ],
      [
        0,
        0,
        0,
        0,
        0
      ]
    ]
  ]
}