{
  "aggregate_score": 0.822797954082489,
  "ptm": 0.8683022260665894,
  "iptm": 0.8114218711853027,
  "per_chain_ptm": [
    [
      0.09697460383176804,
      0.7981334924697876,
      0.8775752782821655,
      0.9325887560844421,
      0.6414820551872253
    ]
  ],
  "per_chain_pair_iptm": [
    [
      [
        0.09697460383176804,
        0.3915552496910095,
        0.21626363694667816,
        0.20700334012508392,
        0.0597752183675766
      ],
      [
        0.02501213178038597,
        0.7981334924697876,
        0.7613630294799805,
        0.6979385614395142,
        0.29512926936149597
      ],
      [
        0.005581959150731564,
        0.7360466718673706,
        0.8775752782821655,
        0.8662168979644775,
        0.46485206484794617
      ],
      [
        0.00293650827370584,
        0.59769606590271,
        0.784388542175293,
        0.9325887560844421,
        0.6652495265007019
      ],
      [
        0.0014939147513359785,
        0.4640701115131378,
        0.6443591713905334,
        0.8651278614997864,
        0.6414820551872253
      ]
    ]
  ],
  "has_inter_chain_clashes": false,
  "chain_chain_clashes": [
    [
      [
        0,
        0,
        0,
        0,
        0
      ],
      [
        0,
        0,
        0,
        0,
        0
      ],
      [
        0,
        0,
        0,
        0,
        0
      ],
      [
        0,
        0,
        0,
        0,
        0
      ],
      [
        0,
        0,
        0,
        0,
        0
      ]
    ]
  ]
}