{
  "aggregate_score": 0.8215720653533936,
  "ptm": 0.8676748871803284,
  "iptm": 0.8100463151931763,
  "per_chain_ptm": [
    [
      0.09710011631250381,
      0.7976125478744507,
      0.8785208463668823,
      0.9326731562614441,
      0.6419078707695007
    ]
  ],
  "per_chain_pair_iptm": [
    [
      [
        0.09710011631250381,
        0.3860141336917877,
        0.2130538821220398,
        0.2029121369123459,
        0.058932557702064514
      ],
      [
        0.02462785504758358,
        0.7976125478744507,
        0.7581965923309326,
        0.6911866068840027,
        0.29065319895744324
      ],
      [
        0.005492543801665306,
        0.7348682284355164,
        0.8785208463668823,
        0.8671497702598572,
        0.4662415087223053
      ],
      [
        0.00275152618996799,
        0.5978935360908508,
        0.7831966876983643,
        0.9326731562614441,
        0.6657174825668335
      ],
      [
        0.001509302295744419,
        0.4635741114616394,
        0.6488229036331177,
        0.8654361367225647,
        0.6419078707695007
      ]
    ]
  ],
  "has_inter_chain_clashes": false,
  "chain_chain_clashes": [
    [
      [
        0,
        0,
        0,
        0,
        0
      ],
      [
        0,
        0,
        0,
        0,
        0
      ],
      [
        0,
        0,
        0,
        0,
        0
      ],
      [
        0,
        0,
        0,
        0,
        0
      ],
      [
        0,
        0,
        0,
        0,
        0
      ]
    ]
  ]
}