{
  "aggregate_score": 0.822371780872345,
  "ptm": 0.8688002228736877,
  "iptm": 0.8107646107673645,
  "per_chain_ptm": [
    [
      0.09675131738185883,
      0.7978864312171936,
      0.8798166513442993,
      0.9332717061042786,
      0.6439359784126282
    ]
  ],
  "per_chain_pair_iptm": [
    [
      [
        0.09675131738185883,
        0.387035608291626,
        0.2131742238998413,
        0.20157966017723083,
        0.05801995098590851
      ],
      [
        0.02491001971065998,
        0.7978864312171936,
        0.7599112391471863,
        0.6973352432250977,
        0.29424744844436646
      ],
      [
        0.005481622647494078,
        0.7356923222541809,
        0.8798166513442993,
        0.8677208423614502,
        0.4676588177680969
      ],
      [
        0.0028574280440807343,
        0.5958300828933716,
        0.7854573130607605,
        0.9332717061042786,
        0.6673606038093567
      ],
      [
        0.0014852454187348485,
        0.4613960385322571,
        0.6449055075645447,
        0.8678631782531738,
        0.6439359784126282
      ]
    ]
  ],
  "has_inter_chain_clashes": false,
  "chain_chain_clashes": [
    [
      [
        0,
        0,
        0,
        0,
        0
      ],
      [
        0,
        1,
        0,
        0,
        0
      ],
      [
        0,
        0,
        0,
        0,
        0
      ],
      [
        0,
        0,
        0,
        0,
        0
      ],
      [
        0,
        0,
        0,
        0,
        0
      ]
    ]
  ]
}