{
  "aggregate_score": 0.8238892555236816,
  "ptm": 0.8690358400344849,
  "iptm": 0.8126025199890137,
  "per_chain_ptm": [
    [
      0.062190551310777664,
      0.7991565465927124,
      0.8816285729408264,
      0.9338613748550415,
      0.636428713798523
    ]
  ],
  "per_chain_pair_iptm": [
    [
      [
        0.062190551310777664,
        0.4673243761062622,
        0.2681352496147156,
        0.2671363353729248,
        0.0814000815153122
      ],
      [
        0.022771120071411133,
        0.7991565465927124,
        0.7629287838935852,
        0.6998463273048401,
        0.2967953681945801
      ],
      [
        0.005029486492276192,
        0.7384938597679138,
        0.8816285729408264,
        0.8693698644638062,
        0.4698227047920227
      ],
      [
        0.0024563821498304605,
        0.6035637259483337,
        0.7879904508590698,
        0.9338613748550415,
        0.6662365794181824
      ],
      [
        0.001229962334036827,
        0.46463727951049805,
        0.6503152251243591,
        0.856523871421814,
        0.636428713798523
      ]
    ]
  ],
  "has_inter_chain_clashes": false,
  "chain_chain_clashes": [
    [
      [
        0,
        0,
        0,
        0,
        0
      ],
      [
        0,
        0,
        0,
        0,
        0
      ],
      [
        0,
        0,
        0,
        0,
        0
      ],
      [
        0,
        0,
        0,
        0,
        0
      ],
      [
        0,
        0,
        0,
        0,
        0
      ]
    ]
  ]
}