{
  "aggregate_score": 0.8234522342681885,
  "ptm": 0.8681527972221375,
  "iptm": 0.8122770190238953,
  "per_chain_ptm": [
    [
      0.063320092856884,
      0.7989206314086914,
      0.8807574510574341,
      0.9331359267234802,
      0.6454859972000122
    ]
  ],
  "per_chain_pair_iptm": [
    [
      [
        0.063320092856884,
        0.4698828160762787,
        0.25547367334365845,
        0.2544859051704407,
        0.07724810391664505
      ],
      [
        0.023150034248828888,
        0.7989206314086914,
        0.7632045149803162,
        0.6987622976303101,
        0.2948395013809204
      ],
      [
        0.004991024266928434,
        0.7382887005805969,
        0.8807574510574341,
        0.8679764866828918,
        0.4682629406452179
      ],
      [
        0.0024631789419800043,
        0.5984932780265808,
        0.7881399989128113,
        0.9331359267234802,
        0.6663154363632202
      ],
      [
        0.0012326830765232444,
        0.46759676933288574,
        0.6480664014816284,
        0.8712224364280701,
        0.6454859972000122
      ]
    ]
  ],
  "has_inter_chain_clashes": false,
  "chain_chain_clashes": [
    [
      [
        0,
        1,
        0,
        0,
        0
      ],
      [
        1,
        0,
        0,
        0,
        0
      ],
      [
        0,
        0,
        0,
        0,
        0
      ],
      [
        0,
        0,
        0,
        0,
        0
      ],
      [
        0,
        0,
        0,
        0,
        0
      ]
    ]
  ]
}