{
  "aggregate_score": 0.8252834677696228,
  "ptm": 0.8684118986129761,
  "iptm": 0.8145013451576233,
  "per_chain_ptm": [
    [
      0.06270837038755417,
      0.8002169132232666,
      0.8824540376663208,
      0.9338734149932861,
      0.6440309882164001
    ]
  ],
  "per_chain_pair_iptm": [
    [
      [
        0.06270837038755417,
        0.4476589262485504,
        0.26200637221336365,
        0.2604788839817047,
        0.07904887199401855
      ],
      [
        0.020796172320842743,
        0.8002169132232666,
        0.7619624137878418,
        0.6950417757034302,
        0.2927502691745758
      ],
      [
        0.004937853664159775,
        0.7389503121376038,
        0.8824540376663208,
        0.8683428764343262,
        0.46572035551071167
      ],
      [
        0.0025243477430194616,
        0.6033487319946289,
        0.7866941690444946,
        0.9338734149932861,
        0.6691436171531677
      ],
      [
        0.0012606949312612414,
        0.4676338732242584,
        0.650183379650116,
        0.8689975738525391,
        0.6440309882164001
      ]
    ]
  ],
  "has_inter_chain_clashes": false,
  "chain_chain_clashes": [
    [
      [
        0,
        0,
        0,
        0,
        0
      ],
      [
        0,
        0,
        0,
        0,
        0
      ],
      [
        0,
        0,
        0,
        0,
        0
      ],
      [
        0,
        0,
        0,
        0,
        0
      ],
      [
        0,
        0,
        0,
        0,
        0
      ]
    ]
  ]
}