{
  "aggregate_score": 0.8240505456924438,
  "ptm": 0.8691821098327637,
  "iptm": 0.8127676844596863,
  "per_chain_ptm": [
    [
      0.06270518153905869,
      0.7999223470687866,
      0.8812330365180969,
      0.9326863884925842,
      0.6408625245094299
    ]
  ],
  "per_chain_pair_iptm": [
    [
      [
        0.06270518153905869,
        0.4676145613193512,
        0.262267529964447,
        0.26096677780151367,
        0.08001942932605743
      ],
      [
        0.02161506935954094,
        0.7999223470687866,
        0.7625077366828918,
        0.6951636075973511,
        0.2924160957336426
      ],
      [
        0.005009881220757961,
        0.7381073236465454,
        0.8812330365180969,
        0.8683919310569763,
        0.46631208062171936
      ],
      [
        0.0024504398461431265,
        0.600562334060669,
        0.7886804938316345,
        0.9326863884925842,
        0.6627222895622253
      ],
      [
        0.0012049217475578189,
        0.4672560691833496,
        0.6476796865463257,
        0.8679017424583435,
        0.6408625245094299
      ]
    ]
  ],
  "has_inter_chain_clashes": false,
  "chain_chain_clashes": [
    [
      [
        0,
        0,
        0,
        0,
        0
      ],
      [
        0,
        2,
        0,
        0,
        0
      ],
      [
        0,
        0,
        0,
        0,
        0
      ],
      [
        0,
        0,
        0,
        0,
        0
      ],
      [
        0,
        0,
        0,
        0,
        0
      ]
    ]
  ]
}