{
  "aggregate_score": 0.823564350605011,
  "ptm": 0.8685626983642578,
  "iptm": 0.8123147487640381,
  "per_chain_ptm": [
    [
      0.06276161968708038,
      0.7986348867416382,
      0.8830035924911499,
      0.9330575466156006,
      0.6461005210876465
    ]
  ],
  "per_chain_pair_iptm": [
    [
      [
        0.06276161968708038,
        0.45705440640449524,
        0.25635474920272827,
        0.257459431886673,
        0.07783849537372589
      ],
      [
        0.02275388315320015,
        0.7986348867416382,
        0.7631361484527588,
        0.7007765769958496,
        0.2965666651725769
      ],
      [
        0.004963545594364405,
        0.7388635277748108,
        0.8830035924911499,
        0.8690198659896851,
        0.46834373474121094
      ],
      [
        0.0024454521480947733,
        0.6002686023712158,
        0.7865118384361267,
        0.9330575466156006,
        0.6672573089599609
      ],
      [
        0.0012362714624032378,
        0.4704531729221344,
        0.650879979133606,
        0.8723891973495483,
        0.6461005210876465
      ]
    ]
  ],
  "has_inter_chain_clashes": false,
  "chain_chain_clashes": [
    [
      [
        0,
        0,
        0,
        0,
        0
      ],
      [
        0,
        0,
        0,
        0,
        0
      ],
      [
        0,
        0,
        0,
        0,
        0
      ],
      [
        0,
        0,
        0,
        0,
        0
      ],
      [
        0,
        0,
        0,
        0,
        0
      ]
    ]
  ]
}