{
  "aggregate_score": 0.791560173034668,
  "ptm": 0.8433766961097717,
  "iptm": 0.7786059975624084,
  "per_chain_ptm": [
    [
      0.1240939274430275,
      0.7470600008964539,
      0.861245334148407,
      0.9195470809936523,
      0.6058794856071472
    ]
  ],
  "per_chain_pair_iptm": [
    [
      [
        0.1240939274430275,
        0.2993648052215576,
        0.1679643839597702,
        0.15981577336788177,
        0.04482337832450867
      ],
      [
        0.019382983446121216,
        0.7470600008964539,
        0.7214025855064392,
        0.6532334685325623,
        0.26137492060661316
      ],
      [
        0.004700509365648031,
        0.688931941986084,
        0.861245334148407,
        0.8389445543289185,
        0.42968761920928955
      ],
      [
        0.002565072849392891,
        0.5551918745040894,
        0.7588805556297302,
        0.9195470809936523,
        0.6302472949028015
      ],
      [
        0.0013930725399404764,
        0.42273464798927307,
        0.6133862733840942,
        0.834807276725769,
        0.6058794856071472
      ]
    ]
  ],
  "has_inter_chain_clashes": false,
  "chain_chain_clashes": [
    [
      [
        0,
        0,
        0,
        0,
        0
      ],
      [
        0,
        1,
        0,
        0,
        0
      ],
      [
        0,
        0,
        0,
        0,
        0
      ],
      [
        0,
        0,
        0,
        0,
        0
      ],
      [
        0,
        0,
        0,
        0,
        0
      ]
    ]
  ]
}