{
  "aggregate_score": 0.7909632325172424,
  "ptm": 0.8422969579696655,
  "iptm": 0.7781297564506531,
  "per_chain_ptm": [
    [
      0.1255694329738617,
      0.7469499707221985,
      0.8594575524330139,
      0.9186713695526123,
      0.6090046167373657
    ]
  ],
  "per_chain_pair_iptm": [
    [
      [
        0.1255694329738617,
        0.2961132824420929,
        0.1646859049797058,
        0.15781959891319275,
        0.04403272643685341
      ],
      [
        0.021554822102189064,
        0.7469499707221985,
        0.7221364378929138,
        0.6524368524551392,
        0.2619021236896515
      ],
      [
        0.004736424423754215,
        0.6900781393051147,
        0.8594575524330139,
        0.8384711146354675,
        0.4279155135154724
      ],
      [
        0.002626693807542324,
        0.5576753616333008,
        0.7602674961090088,
        0.9186713695526123,
        0.6337578892707825
      ],
      [
        0.0014117240207269788,
        0.41795215010643005,
        0.6141563057899475,
        0.8340703248977661,
        0.6090046167373657
      ]
    ]
  ],
  "has_inter_chain_clashes": false,
  "chain_chain_clashes": [
    [
      [
        0,
        0,
        0,
        0,
        0
      ],
      [
        0,
        0,
        0,
        0,
        0
      ],
      [
        0,
        0,
        0,
        0,
        0
      ],
      [
        0,
        0,
        0,
        0,
        0
      ],
      [
        0,
        0,
        0,
        0,
        0
      ]
    ]
  ]
}