{
  "aggregate_score": 0.7911174893379211,
  "ptm": 0.8418115377426147,
  "iptm": 0.7784439325332642,
  "per_chain_ptm": [
    [
      0.12450431287288666,
      0.7447760105133057,
      0.8609032034873962,
      0.9192313551902771,
      0.6052113175392151
    ]
  ],
  "per_chain_pair_iptm": [
    [
      [
        0.12450431287288666,
        0.2895720601081848,
        0.16040168702602386,
        0.15262654423713684,
        0.04229585826396942
      ],
      [
        0.017855707556009293,
        0.7447760105133057,
        0.7231113314628601,
        0.6543993353843689,
        0.26112133264541626
      ],
      [
        0.004476198926568031,
        0.6872771382331848,
        0.8609032034873962,
        0.8394281268119812,
        0.4292318522930145
      ],
      [
        0.002651089569553733,
        0.5592842698097229,
        0.7607547044754028,
        0.9192313551902771,
        0.6299058794975281
      ],
      [
        0.0014130374183878303,
        0.4214549958705902,
        0.6127588748931885,
        0.8347240090370178,
        0.6052113175392151
      ]
    ]
  ],
  "has_inter_chain_clashes": false,
  "chain_chain_clashes": [
    [
      [
        0,
        0,
        0,
        0,
        0
      ],
      [
        0,
        0,
        0,
        0,
        0
      ],
      [
        0,
        0,
        0,
        0,
        0
      ],
      [
        0,
        0,
        0,
        0,
        0
      ],
      [
        0,
        0,
        0,
        0,
        0
      ]
    ]
  ]
}