{
  "aggregate_score": 0.7914087772369385,
  "ptm": 0.8420480489730835,
  "iptm": 0.7787489891052246,
  "per_chain_ptm": [
    [
      0.12540175020694733,
      0.7457140684127808,
      0.8594226241111755,
      0.9194008111953735,
      0.6109254360198975
    ]
  ],
  "per_chain_pair_iptm": [
    [
      [
        0.12540175020694733,
        0.28487375378608704,
        0.15665143728256226,
        0.14813664555549622,
        0.04119393974542618
      ],
      [
        0.019454350695014,
        0.7457140684127808,
        0.7205910682678223,
        0.6524648070335388,
        0.25971296429634094
      ],
      [
        0.004464226774871349,
        0.6873937249183655,
        0.8594226241111755,
        0.8406530618667603,
        0.4316204786300659
      ],
      [
        0.002552095800638199,
        0.5567810535430908,
        0.7588332295417786,
        0.9194008111953735,
        0.6350626349449158
      ],
      [
        0.0014019242953509092,
        0.42262378334999084,
        0.6155502200126648,
        0.8379632234573364,
        0.6109254360198975
      ]
    ]
  ],
  "has_inter_chain_clashes": false,
  "chain_chain_clashes": [
    [
      [
        0,
        0,
        0,
        0,
        0
      ],
      [
        0,
        0,
        0,
        0,
        0
      ],
      [
        0,
        0,
        0,
        0,
        0
      ],
      [
        0,
        0,
        0,
        0,
        0
      ],
      [
        0,
        0,
        0,
        0,
        0
      ]
    ]
  ]
}