{
  "aggregate_score": 0.7918023467063904,
  "ptm": 0.8434616923332214,
  "iptm": 0.7788874506950378,
  "per_chain_ptm": [
    [
      0.12435103207826614,
      0.745790958404541,
      0.8610446453094482,
      0.9191550612449646,
      0.6098934412002563
    ]
  ],
  "per_chain_pair_iptm": [
    [
      [
        0.12435103207826614,
        0.2775095999240875,
        0.15390464663505554,
        0.1453801989555359,
        0.03993012383580208
      ],
      [
        0.018796715885400772,
        0.745790958404541,
        0.722030520439148,
        0.6513931155204773,
        0.25946560502052307
      ],
      [
        0.004292997997254133,
        0.6879032850265503,
        0.8610446453094482,
        0.84092777967453,
        0.432856947183609
      ],
      [
        0.0024038099218159914,
        0.5586438179016113,
        0.7595616579055786,
        0.9191550612449646,
        0.6332404613494873
      ],
      [
        0.0013347768690437078,
        0.4238813519477844,
        0.6170805096626282,
        0.8384356498718262,
        0.6098934412002563
      ]
    ]
  ],
  "has_inter_chain_clashes": false,
  "chain_chain_clashes": [
    [
      [
        0,
        0,
        0,
        0,
        0
      ],
      [
        0,
        0,
        0,
        0,
        0
      ],
      [
        0,
        0,
        0,
        0,
        0
      ],
      [
        0,
        0,
        0,
        0,
        0
      ],
      [
        0,
        0,
        0,
        0,
        0
      ]
    ]
  ]
}