{
  "aggregate_score": 0.7741447687149048,
  "ptm": 0.8329055905342102,
  "iptm": 0.7594545483589172,
  "per_chain_ptm": [
    [
      0.053805768489837646,
      0.7770299315452576,
      0.861152172088623,
      0.9260165691375732,
      0.6295093894004822
    ]
  ],
  "per_chain_pair_iptm": [
    [
      [
        0.053805768489837646,
        0.4139980375766754,
        0.21908383071422577,
        0.20741678774356842,
        0.057202551513910294
      ],
      [
        0.016472676768898964,
        0.7770299315452576,
        0.6323831677436829,
        0.5321736335754395,
        0.18452873826026917
      ],
      [
        0.002600546460598707,
        0.6362465620040894,
        0.861152172088623,
        0.8451235890388489,
        0.44618919491767883
      ],
      [
        0.00142227066680789,
        0.4869176745414734,
        0.7571620941162109,
        0.9260165691375732,
        0.6506971120834351
      ],
      [
        0.0007562678074464202,
        0.3790039122104645,
        0.6306753754615784,
        0.8506295680999756,
        0.6295093894004822
      ]
    ]
  ],
  "has_inter_chain_clashes": false,
  "chain_chain_clashes": [
    [
      [
        0,
        0,
        0,
        0,
        0
      ],
      [
        0,
        0,
        0,
        0,
        0
      ],
      [
        0,
        0,
        0,
        0,
        0
      ],
      [
        0,
        0,
        0,
        0,
        0
      ],
      [
        0,
        0,
        0,
        0,
        0
      ]
    ]
  ]
}