{
  "aggregate_score": 0.7806782126426697,
  "ptm": 0.8376463055610657,
  "iptm": 0.7664361596107483,
  "per_chain_ptm": [
    [
      0.05405832827091217,
      0.7767125964164734,
      0.8609094023704529,
      0.9265230894088745,
      0.6297873258590698
    ]
  ],
  "per_chain_pair_iptm": [
    [
      [
        0.05405832827091217,
        0.4093906879425049,
        0.22119228541851044,
        0.21572118997573853,
        0.05801449343562126
      ],
      [
        0.016214974224567413,
        0.7767125964164734,
        0.6548168659210205,
        0.5648306608200073,
        0.2075570523738861
      ],
      [
        0.0026350757107138634,
        0.6529680490493774,
        0.8609094023704529,
        0.8417051434516907,
        0.44143977761268616
      ],
      [
        0.0016272077336907387,
        0.528099000453949,
        0.7617126703262329,
        0.9265230894088745,
        0.6514480710029602
      ],
      [
        0.0008800936629995704,
        0.41535288095474243,
        0.6323419809341431,
        0.8547401428222656,
        0.6297873258590698
      ]
    ]
  ],
  "has_inter_chain_clashes": false,
  "chain_chain_clashes": [
    [
      [
        0,
        0,
        0,
        0,
        0
      ],
      [
        0,
        0,
        0,
        0,
        0
      ],
      [
        0,
        0,
        0,
        0,
        0
      ],
      [
        0,
        0,
        0,
        0,
        0
      ],
      [
        0,
        0,
        0,
        0,
        0
      ]
    ]
  ]
}