{
  "aggregate_score": 0.7758889198303223,
  "ptm": 0.8298304677009583,
  "iptm": 0.7624034881591797,
  "per_chain_ptm": [
    [
      0.05324174091219902,
      0.7804025411605835,
      0.8326873779296875,
      0.9265769720077515,
      0.6253851652145386
    ]
  ],
  "per_chain_pair_iptm": [
    [
      [
        0.05324174091219902,
        0.40497657656669617,
        0.21157662570476532,
        0.20163483917713165,
        0.05580756068229675
      ],
      [
        0.01470453105866909,
        0.7804025411605835,
        0.6338265538215637,
        0.5353823304176331,
        0.1878870725631714
      ],
      [
        0.002581933746114373,
        0.6479297280311584,
        0.8326873779296875,
        0.8438576459884644,
        0.4426274001598358
      ],
      [
        0.0014754642033949494,
        0.5033939480781555,
        0.7482794523239136,
        0.9265769720077515,
        0.6494261026382446
      ],
      [
        0.0007786954520270228,
        0.39633333683013916,
        0.6201336979866028,
        0.8499649167060852,
        0.6253851652145386
      ]
    ]
  ],
  "has_inter_chain_clashes": false,
  "chain_chain_clashes": [
    [
      [
        0,
        0,
        0,
        0,
        0
      ],
      [
        0,
        6,
        0,
        0,
        0
      ],
      [
        0,
        0,
        0,
        0,
        0
      ],
      [
        0,
        0,
        0,
        0,
        0
      ],
      [
        0,
        0,
        0,
        0,
        0
      ]
    ]
  ]
}