{
  "aggregate_score": 0.7746410965919495,
  "ptm": 0.8279949426651001,
  "iptm": 0.7613025903701782,
  "per_chain_ptm": [
    [
      0.05299650877714157,
      0.7742920517921448,
      0.8281710147857666,
      0.925446629524231,
      0.6307057738304138
    ]
  ],
  "per_chain_pair_iptm": [
    [
      [
        0.05299650877714157,
        0.3999910354614258,
        0.219299778342247,
        0.20931392908096313,
        0.054587528109550476
      ],
      [
        0.014125898480415344,
        0.7742920517921448,
        0.6341357231140137,
        0.5442264080047607,
        0.19096365571022034
      ],
      [
        0.002596859121695161,
        0.6477107405662537,
        0.8281710147857666,
        0.844664990901947,
        0.4443047046661377
      ],
      [
        0.0015466987388208508,
        0.5079402327537537,
        0.746016800403595,
        0.925446629524231,
        0.6530348062515259
      ],
      [
        0.0007866725791245699,
        0.3988566994667053,
        0.6200332641601562,
        0.8541058301925659,
        0.6307057738304138
      ]
    ]
  ],
  "has_inter_chain_clashes": false,
  "chain_chain_clashes": [
    [
      [
        0,
        0,
        0,
        0,
        0
      ],
      [
        0,
        0,
        0,
        0,
        0
      ],
      [
        0,
        0,
        0,
        0,
        0
      ],
      [
        0,
        0,
        0,
        0,
        0
      ],
      [
        0,
        0,
        0,
        0,
        0
      ]
    ]
  ]
}