{
  "aggregate_score": 0.7782367467880249,
  "ptm": 0.8363915681838989,
  "iptm": 0.7636979818344116,
  "per_chain_ptm": [
    [
      0.052917253226041794,
      0.7723132967948914,
      0.8624080419540405,
      0.9260005354881287,
      0.6285096406936646
    ]
  ],
  "per_chain_pair_iptm": [
    [
      [
        0.052917253226041794,
        0.4069749712944031,
        0.2219785749912262,
        0.21525658667087555,
        0.05724657326936722
      ],
      [
        0.014571466483175755,
        0.7723132967948914,
        0.6452216506004333,
        0.5805239677429199,
        0.22109568119049072
      ],
      [
        0.0025557950139045715,
        0.6487548351287842,
        0.8624080419540405,
        0.8415863513946533,
        0.43739286065101624
      ],
      [
        0.0015865139430388808,
        0.525958776473999,
        0.7598280310630798,
        0.9260005354881287,
        0.6519730091094971
      ],
      [
        0.0008537573739886284,
        0.412858784198761,
        0.6275689601898193,
        0.8550572991371155,
        0.6285096406936646
      ]
    ]
  ],
  "has_inter_chain_clashes": false,
  "chain_chain_clashes": [
    [
      [
        0,
        1,
        0,
        0,
        0
      ],
      [
        1,
        0,
        0,
        0,
        0
      ],
      [
        0,
        0,
        0,
        0,
        0
      ],
      [
        0,
        0,
        0,
        0,
        0
      ],
      [
        0,
        0,
        0,
        0,
        0
      ]
    ]
  ]
}